 [
  {
  "dosage":"200",
  "expiration":"2015-12-01",
  "isLockedBy":"admin",
  "medicationId":"advil_200",
  "medName":"Advil",
  "numContainers":10,
  "tabletsContainer":100,
  "total":1000
  },
  {
  "dosage":"500",
  "expiration":"2015-06-01",
  "isLockedBy":"admin",
  "medicationId":"acetaminophene_500",
  "medName":"Acetaminophene",
  "numContainers":10,
  "tabletsContainer":500,
  "total":5000
  },
  {
  "dosage":"25",
  "expiration":"2014-12-01",
  "isLockedBy":"admin",
  "medicationId":"childTylenol_25",
  "medName":"Children's Tylenol",
  "numContainers":20,
  "tabletsContainer":200,
  "total":4000
  },
  {
  "dosage":"25",
  "expiration":"2014-12-01",
  "isLockedBy":"admin",
  "medicationId":"adultVitamin_25",
  "medName":"Adult Vitamins",
  "numContainers":20,
  "tabletsContainer":200,
  "total":4000
  },
  {
  "dosage":"250",
  "expiration":"2015-01-01",
  "isLockedBy":"admin",
  "medicationId":"cephalexin_250",
  "medName":"Cephalexin",
  "numContainers":5,
  "tabletsContainer":500,
  "total":2500
  },
  {
  "dosage":"250",
  "expiration":"2014-10-01",
  "isLockedBy":"admin",
  "medicationId":"ciprofloxacin_250",
  "medName":"Ciprofloxacin",
  "numContainers":15,
  "tabletsContainer":150,
  "total":2250
  },
  {
  "dosage":"100",
  "expiration":"2014-03-01",
  "isLockedBy":"admin",
  "medicationId":"doxycycline_100",
  "medName":"Doxycycline",
  "numContainers":5,
  "tabletsContainer":500,
  "total":2500
  },
  {
  "dosage":"150",
  "expiration":"2013-12-31",
  "isLockedBy":"admin",
  "medicationId":"fluconazole_150",
  "medName":"Fluconazole",
  "numContainers":15,
  "tabletsContainer":100,
  "total":1500
  },
  {
  "dosage":"10",
  "expiration":"2014-12-01",
  "isLockedBy":"admin",
  "medicationId":"glipizide_10",
  "medName":"Glipizide",
  "numContainers":50,
  "tabletsContainer":50,
  "total":2500
  },
  {
  "dosage":"25",
  "expiration":"2014-12-01",
  "isLockedBy":"admin",
  "medicationId":"hydralazine_25",
  "medName":"Hydralazine",
  "numContainers":20,
  "tabletsContainer":200,
  "total":4000
  },
  {
  "dosage":"25",
  "expiration":"2014-12-01",
  "isLockedBy":"admin",
  "medicationId":"bactrim_25",
  "medName":"Bactrim",
  "numContainers":20,
  "tabletsContainer":200,
  "total":4000
  },
  {
  "dosage":"25",
  "expiration":"2014-12-01",
  "isLockedBy":"admin",
  "medicationId":"adultVitamin_25",
  "medName":"Adult Vitamins",
  "numContainers":20,
  "tabletsContainer":200,
  "total":4000
  },
  {
  "dosage":"25",
  "expiration":"2014-12-01",
  "isLockedBy":"admin",
  "medicationId":"childrenVitamin_25",
  "medName":"Children Vitamins",
  "numContainers":20,
  "tabletsContainer":200,
  "total":4000
  },
  {
  "dosage":"25",
  "expiration":"2014-12-01",
  "isLockedBy":"admin",
  "medicationId":"Famotidine_25",
  "medName":"Famotidine",
  "numContainers":20,
  "tabletsContainer":200,
  "total":4000
  },
  {
  "dosage":"25",
  "expiration":"2014-12-01",
  "isLockedBy":"admin",
  "medicationId":"Phenytoin_25",
  "medName":"Phenytoin",
  "numContainers":20,
  "tabletsContainer":200,
  "total":4000
  },
  {
  "dosage":"25",
  "expiration":"2014-12-01",
  "isLockedBy":"admin",
  "medicationId":"Artemether/Lumefantrine_25",
  "medName":"Artemether/Lumefantrine (Nova-La)",
  "numContainers":20,
  "tabletsContainer":200,
  "total":4000
  },
  {
  "dosage":"25",
  "expiration":"2014-12-01",
  "isLockedBy":"admin",
  "medicationId":"Azythromycin_25",
  "medName":"Azythromycin",
  "numContainers":20,
  "tabletsContainer":200,
  "total":4000
  },
  {
  "dosage":"25",
  "expiration":"2014-12-01",
  "isLockedBy":"admin",
  "medicationId":"Benedryl_25",
  "medName":"Benedryl",
  "numContainers":20,
  "tabletsContainer":200,
  "total":4000
  },
  {
  "dosage":"25",
  "expiration":"2014-12-01",
  "isLockedBy":"admin",
  "medicationId":"Albezole_25",
  "medName":"Albezole",
  "numContainers":20,
  "tabletsContainer":200,
  "total":4000
  },
  {
  "dosage":"25",
  "expiration":"2014-12-01",
  "isLockedBy":"admin",
  "medicationId":"cefixime_25",
  "medName":"Cefixime",
  "numContainers":20,
  "tabletsContainer":200,
  "total":4000
  },
  {
  "dosage":"25",
  "expiration":"2014-12-01",
  "isLockedBy":"admin",
  "medicationId":"amoxacillin_25",
  "medName":"Amoxacillin",
  "numContainers":20,
  "tabletsContainer":200,
  "total":4000
  },
  {
  "dosage":"25",
  "expiration":"2014-12-01",
  "isLockedBy":"admin",
  "medicationId":"omeprazole_25",
  "medName":"Omeprazole",
  "numContainers":20,
  "tabletsContainer":200,
  "total":4000
  },
  {
  "dosage":"25",
  "expiration":"2014-12-01",
  "isLockedBy":"admin",
  "medicationId":"orapred_25",
  "medName":"Orapred ODT",
  "numContainers":20,
  "tabletsContainer":200,
  "total":4000
  }
  ]