[{
        "age" : 1849372,
        "familyName" : "James",
        "firstName" : "Starla",
        "isLockedBy" : "",
        "patientId" : "Kayla_James_1362023922_02322",
        "photo" : null,
        "sex" : 0,
        "status" : 0,
        "villageName" : "Pinecrest",
    },
    {
        "age" : 1438594,
        "familyName" : "Williams",
        "firstName" : "Deavon",
        "isLockedBy" : "",
        "patientId" : "Williams_Devon_1362023922_023298",
        "photo" : null,
        "sex" : 1,
        "status" : 0,
        "villageName" : "Evergreen Park"
    },
    {
        "age" : 998234,
        "familyName" : "Cortez",
        "firstName" : "Corola",
        "isLockedBy" : "",
        "patientId" : "Cortez_Karla_1362023922_3225",
        "photo" : null,
        "sex" : 0,
        "status" : 0,
        "villageName" : "Miami"
    },
    {
        "age" : 5346722,
        "familyName" : "Ramos",
        "firstName" : "Cynthy",
        "isLockedBy" : "",
        "patientId" : "Ramos_Cynthia_1362023922_0225625",
        "photo" : null,
        "sex" : 0,
        "status" : 0,
        "villageName" : "Cuba"
    },
    {
        "age" : 89023411,
        "familyName" : "Luis",
        "firstName" : "Jay",
        "isLockedBy" : "",
        "patientId" : "Luis_Ray_1362023922_910225",
        "photo" : null,
        "sex" : 1,
        "status" : 0,
        "villageName" : "Hiyalia",
    },
    {
        "age" : 9933445,
        "familyName" : "Cramer",
        "firstName" : "Jasmane",
        "isLockedBy" : "",
        "patientId" : "Cramer_Jane_1362023922_077775",
        "photo" : null,
        "sex" : 0,
        "status" : 0,
        "villageName" : "Complacenville"
    },
    {
        "age" : 1234567,
        "familyName" : "BigWood",
        "firstName" : "Big-TayTay",
        "isLockedBy" : "",
        "patientId" : "BigWood_TayTay_1362023922_0235277",
        "photo" : null,
        "sex" : 0,
        "status" : 1,
        "villageName" : "Goulds"
    }]