[{
  "email" : "ray.misomali@gmail.com",
  "firstName" : "Ray",
  "lastName" : "Misomali",
  "password" : "orant",
  "status" : 1,
  "userName" : "rm2013",
  "userType" : 3,
  },
  {
  "email" : "tooKool@Awesome.com",
  "firstName" : "Gandalf",
  "lastName" : "theGrey",
  "password" : "123456",
  "status" : 1,
  "userName" : "admin",
  "userType" : 3,
  },
  {
  "email" : "Ppagels@gmail.com",
  "firstName" : "Patti",
  "lastName" : "Pagels",
  "password" : "orant",
  "status" : 1,
  "userName" : "patti",
  "userType" : 1,
  },
  {
  "email" : "5guidrys@gmail.com",
  "firstName" : "Chris",
  "lastName" : "Guidry",
  "password" : "orant",
  "status" : 1,
  "userName" : "chris",
  "userType" : 1,
  }
  ]