 [
  {
  "dosage":"200",
  "expiration":"2015-12-01",
  "isLockedBy":"admin",
  "medicationId":"advil_200",
  "medName":"Advil",
  "numContainers":10,
  "tabletsContainer":100,
  "total":1000
  },
  {
  "dosage":"500",
  "expiration":"2015-06-01",
  "isLockedBy":"admin",
  "medicationId":"acetamiophene_500",
  "medName":"Acetamiophene",
  "numContainers":10,
  "tabletsContainer":500,
  "total":5000
  },
  {
  "dosage":"250",
  "expiration":"2015-01-01",
  "isLockedBy":"admin",
  "medicationId":"cephalexin_250",
  "medName":"Cephalexin",
  "numContainers":5,
  "tabletsContainer":500,
  "total":2500
  },
  {
  "dosage":"250",
  "expiration":"2014-10-01",
  "isLockedBy":"admin",
  "medicationId":"ciprofloxacin_250",
  "medName":"Ciprofloxacin",
  "numContainers":15,
  "tabletsContainer":150,
  "total":2250
  },
  {
  "dosage":"100",
  "expiration":"2014-03-01",
  "isLockedBy":"admin",
  "medicationId":"doxycycline",
  "medName":"Doxycycline",
  "numContainers":5,
  "tabletsContainer":500,
  "total":2500
  },
  {
  "dosage":"150",
  "expiration":"2013-12-31",
  "isLockedBy":"admin",
  "medicationId":"fluconazole_150",
  "medName":"Fluconazole",
  "numContainers":15,
  "tabletsContainer":100,
  "total":1500
  },
  {
  "dosage":"10",
  "expiration":"2014-12-01",
  "isLockedBy":"admin",
  "medicationId":"glipizide_10",
  "medName":"Glipizide",
  "numContainers":50,
  "tabletsContainer":50,
  "total":2500
  },
  {
  "dosage":"25",
  "expiration":"2014-12-01",
  "isLockedBy":"admin",
  "medicationId":"hydralazine_25",
  "medName":"Hydralazine",
  "numContainers":20,
  "tabletsContainer":200,
  "total":4000
  }
  ]