[{
        "age" : 14038294,
        "familyName" : "James",
        "firstName" : "Kayla",
        "isLockedBy" : "",
        "patientId" : "Kayla_James_1362023922_023225",
        "photo" : null,
        "sex" : 0,
        "status" : 0,
        "villageName" : "Pinecrest"
    },
    {
        "age" : -58439725,
        "familyName" : "Williams",
        "firstName" : "Devon",
        "isLockedBy" : "",
        "patientId" : "Williams_Devon_1362023922_023225",
        "photo" : null,
        "sex" : 1,
        "status" : 0,
        "villageName" : "EvergreenPark"
    },
    {
        "age" : 98584932,
        "familyName" : "Cortez",
        "firstName" : "Karla",
        "isLockedBy" : "",
        "patientId" : "Cortez_Karla_1362023922_023225",
        "photo" : null,
        "sex" : 0,
        "status" : 0,
        "villageName" : "Miami"
    },
    {
        "age" : 669847119,
        "familyName" : "Ramos",
        "firstName" : "Cynthia",
        "isLockedBy" : "",
        "patientId" : "Ramos_Cynthia_1362023922_023225",
        "photo" : null,
        "sex" : 0,
        "status" : 0,
        "villageName" : "Springfield"
    },
    {
        "age" : 98735928,
        "familyName" : "Luis",
        "firstName" : "Ray",
        "isLockedBy" : "",
        "patientId" : "Luis_Ray_1362023922_023225",
        "photo" : null,
        "sex" : 1,
        "status" : 0,
        "villageName" : "SanJose"
    },
    {
        "age" : -593852010,
        "familyName" : "Cramer",
        "firstName" : "Jane",
        "isLockedBy" : "",
        "patientId" : "Cramer_Jane_1362023922_023225",
        "photo" : null,
        "sex" : 0,
        "status" : 0,
        "villageName" : "Complacenville"
    },
    {
        "age" : -408300,
        "familyName" : "BigWood",
        "firstName" : "TayTay",
        "isLockedBy" : "",
        "patientId" : "BigWood_TayTay_1362023922_023225",
        "photo" : null,
        "sex" : 0,
        "status" : 1,
        "villageName" : "Goulds"
    }]